-- MySQL dump 10.13  Distrib 8.0.38, for Win64 (x86_64)
--
-- Host: localhost    Database: product_management
-- ------------------------------------------------------
-- Server version	8.0.39

/*!40101 SET @OLD_CHARACTER_SET_CLIENT=@@CHARACTER_SET_CLIENT */;
/*!40101 SET @OLD_CHARACTER_SET_RESULTS=@@CHARACTER_SET_RESULTS */;
/*!40101 SET @OLD_COLLATION_CONNECTION=@@COLLATION_CONNECTION */;
/*!50503 SET NAMES utf8 */;
/*!40103 SET @OLD_TIME_ZONE=@@TIME_ZONE */;
/*!40103 SET TIME_ZONE='+00:00' */;
/*!40014 SET @OLD_UNIQUE_CHECKS=@@UNIQUE_CHECKS, UNIQUE_CHECKS=0 */;
/*!40014 SET @OLD_FOREIGN_KEY_CHECKS=@@FOREIGN_KEY_CHECKS, FOREIGN_KEY_CHECKS=0 */;
/*!40101 SET @OLD_SQL_MODE=@@SQL_MODE, SQL_MODE='NO_AUTO_VALUE_ON_ZERO' */;
/*!40111 SET @OLD_SQL_NOTES=@@SQL_NOTES, SQL_NOTES=0 */;

--
-- Table structure for table `categories`
--

DROP TABLE IF EXISTS `categories`;
/*!40101 SET @saved_cs_client     = @@character_set_client */;
/*!50503 SET character_set_client = utf8mb4 */;
CREATE TABLE `categories` (
  `id` int NOT NULL AUTO_INCREMENT,
  `name` varchar(255) NOT NULL,
  `description` text,
  `created_at` datetime DEFAULT CURRENT_TIMESTAMP,
  PRIMARY KEY (`id`)
) ENGINE=InnoDB AUTO_INCREMENT=9 DEFAULT CHARSET=utf8mb4 ;
/*!40101 SET character_set_client = @saved_cs_client */;

--
-- Dumping data for table `categories`
--

LOCK TABLES `categories` WRITE;
/*!40000 ALTER TABLE `categories` DISABLE KEYS */;
INSERT INTO `categories` VALUES (4,'Quần','','2025-05-19 07:13:47'),(5,'Áo','','2025-05-19 07:13:56'),(6,'Mũ','','2025-05-19 07:14:02'),(7,'Set','','2025-05-19 07:14:07'),(8,'Giày','','2025-05-25 16:06:40');
/*!40000 ALTER TABLE `categories` ENABLE KEYS */;
UNLOCK TABLES;

--
-- Table structure for table `product_suppliers`
--

DROP TABLE IF EXISTS `product_suppliers`;
/*!40101 SET @saved_cs_client     = @@character_set_client */;
/*!50503 SET character_set_client = utf8mb4 */;
CREATE TABLE `product_suppliers` (
  `product_id` int NOT NULL,
  `supplier_id` int NOT NULL,
  `price` decimal(10,2) DEFAULT NULL,
  `created_at` datetime DEFAULT CURRENT_TIMESTAMP,
  `import_quantity` int DEFAULT '0',
  PRIMARY KEY (`product_id`,`supplier_id`),
  KEY `supplier_id` (`supplier_id`),
  CONSTRAINT `fk_product_suppliers_product` FOREIGN KEY (`product_id`) REFERENCES `products` (`id`) ON DELETE CASCADE,
  CONSTRAINT `fk_product_suppliers_supplier` FOREIGN KEY (`supplier_id`) REFERENCES `suppliers` (`id`) ON DELETE CASCADE
) ENGINE=InnoDB DEFAULT CHARSET=utf8mb4 ;
/*!40101 SET character_set_client = @saved_cs_client */;

--
-- Dumping data for table `product_suppliers`
--

LOCK TABLES `product_suppliers` WRITE;
/*!40000 ALTER TABLE `product_suppliers` DISABLE KEYS */;
INSERT INTO `product_suppliers` VALUES (15,4,300000.00,'2025-03-19 12:17:01',12),(16,5,170000.00,'2025-05-24 23:57:12',11),(17,4,3500000.00,'2025-04-19 13:01:40',13),(18,4,450000.00,'2025-02-19 13:05:18',10),(19,4,550000.00,'2025-05-19 13:08:19',3),(20,6,225000.00,'2025-05-19 13:10:39',26),(21,6,490000.00,'2025-05-19 13:12:26',20),(22,6,500000.00,'2025-05-19 13:14:33',25),(23,4,10000000.00,'2025-02-19 13:17:09',8),(29,5,600000.00,'2025-05-19 16:45:08',18),(30,7,1500000.00,'2025-05-19 16:44:47',15),(31,8,10000000.00,'2025-05-19 16:56:21',9),(32,8,9500000.00,'2025-05-19 17:01:50',5),(33,9,3500000.00,'2025-05-19 17:10:44',32),(34,14,15000000.00,'2025-03-24 20:24:10',15),(35,11,13000000.00,'2025-05-24 20:36:15',12);
/*!40000 ALTER TABLE `product_suppliers` ENABLE KEYS */;
UNLOCK TABLES;

--
-- Table structure for table `products`
--

DROP TABLE IF EXISTS `products`;
/*!40101 SET @saved_cs_client     = @@character_set_client */;
/*!50503 SET character_set_client = utf8mb4 */;
CREATE TABLE `products` (
  `id` int NOT NULL AUTO_INCREMENT,
  `name` varchar(255) NOT NULL,
  `description` text,
  `price` decimal(10,2) NOT NULL,
  `quantity` int NOT NULL DEFAULT '0',
  `image` varchar(255) DEFAULT NULL,
  `category_id` int DEFAULT NULL,
  `created_at` datetime DEFAULT CURRENT_TIMESTAMP,
  PRIMARY KEY (`id`),
  KEY `category_id` (`category_id`),
  CONSTRAINT `products_ibfk_1` FOREIGN KEY (`category_id`) REFERENCES `categories` (`id`) ON DELETE SET NULL
) ENGINE=InnoDB AUTO_INCREMENT=37 DEFAULT CHARSET=utf8mb4 ;
/*!40101 SET character_set_client = @saved_cs_client */;

--
-- Dumping data for table `products`
--

LOCK TABLES `products` WRITE;
/*!40000 ALTER TABLE `products` DISABLE KEYS */;
INSERT INTO `products` VALUES (15,'XANNY CAP','Feng Collection',580000.00,12,'682abe7a003a1.png',6,'2025-05-19 07:15:38'),(16,'Lauren DAVIES','Feng Collection',250000.00,11,'682ac7c0b1c6a.png',6,'2025-05-19 07:55:12'),(17,'Bodega Pad TOP','Feng Collection',650000.00,13,'682ac8f3b1149.png',5,'2025-05-19 08:00:19'),(18,'XANNY v2.','Feng Collection',700000.00,10,'682aca114161e.png',6,'2025-05-19 08:05:05'),(19,'DENIM BLACK','Feng Collection',950000.00,3,'682acaabdb5b9.png',4,'2025-05-19 08:07:39'),(20,'5 Panel CAP','Feng Collection',450000.00,26,'682acb4d991b8.png',6,'2025-05-19 08:10:21'),(21,'RACING Jacket','Feng Collection',830000.00,20,'682acbb46047b.png',5,'2025-05-19 08:12:04'),(22,'MULTI Pocket Short','Feng Collection',750000.00,25,'682acc3b25eea.png',4,'2025-05-19 08:14:19'),(23,'RED Cyber','Feng Collection',12990000.00,8,'682accd46a71a.png',7,'2025-05-19 08:16:52'),(29,'DSW LEOPARD','Feng Collection',890000.00,18,'682afd4506b25.png',5,'2025-05-19 11:43:33'),(30,'HADES Camo Jersey','Feng Collection',3490000.00,15,'682afd7a8d80d.png',7,'2025-05-19 11:44:26'),(31,'3D Monogram Puff-Sleeve Blouse','Feng Collection',25000000.00,9,'682b002d28bd7.png',5,'2025-05-19 11:55:57'),(32,'LOICHOI Fergus','Feng Collection',14900000.00,5,'682b0173f130c.png',7,'2025-05-19 12:01:23'),(33,'BAPE Fullzip Hoodie','Feng Collection',10000000.00,32,'682b034c0b37f.png',5,'2025-05-19 12:09:16'),(34,'GUCCI Valkyrie','Feng Collection',25000000.00,15,'6831c87a56ce3.png',5,'2025-05-24 15:24:10'),(35,'VERSACE Baroque','Feng Collection',17500000.00,12,'6831cb4f33ca8.png',5,'2025-05-24 15:36:15');
/*!40000 ALTER TABLE `products` ENABLE KEYS */;
UNLOCK TABLES;

--
-- Table structure for table `sales`
--

DROP TABLE IF EXISTS `sales`;
/*!40101 SET @saved_cs_client     = @@character_set_client */;
/*!50503 SET character_set_client = utf8mb4 */;
CREATE TABLE `sales` (
  `id` int NOT NULL AUTO_INCREMENT,
  `product_id` int NOT NULL,
  `quantity` int NOT NULL,
  `price` decimal(15,2) NOT NULL,
  `sale_date` date NOT NULL,
  `created_at` timestamp NULL DEFAULT CURRENT_TIMESTAMP,
  PRIMARY KEY (`id`),
  KEY `product_id` (`product_id`),
  CONSTRAINT `sales_ibfk_1` FOREIGN KEY (`product_id`) REFERENCES `products` (`id`) ON DELETE CASCADE
) ENGINE=InnoDB AUTO_INCREMENT=132 DEFAULT CHARSET=utf8mb4 ;
/*!40101 SET character_set_client = @saved_cs_client */;

--
-- Dumping data for table `sales`
--

LOCK TABLES `sales` WRITE;
/*!40000 ALTER TABLE `sales` DISABLE KEYS */;
INSERT INTO `sales` VALUES (1,3,5,876956.00,'2025-05-22','2025-05-21 17:00:00'),(2,3,15,795021.00,'2025-05-25','2025-05-24 17:00:00'),(3,3,10,804405.00,'2025-05-19','2025-05-18 17:00:00'),(4,4,10,797711.00,'2025-05-26','2025-05-25 17:00:00'),(5,4,11,771222.00,'2025-05-09','2025-05-08 17:00:00'),(6,4,15,770679.00,'2025-05-03','2025-05-02 17:00:00'),(7,4,11,749964.00,'2025-05-18','2025-05-17 17:00:00'),(8,4,12,790103.00,'2025-05-13','2025-05-12 17:00:00'),(9,5,10,330191.00,'2025-05-15','2025-05-14 17:00:00'),(10,5,11,360396.00,'2025-05-12','2025-05-11 17:00:00'),(11,5,11,337655.00,'2025-05-14','2025-05-13 17:00:00'),(12,5,6,366595.00,'2025-05-25','2025-05-24 17:00:00'),(13,6,13,608962.00,'2025-05-14','2025-05-13 17:00:00'),(14,6,7,596246.00,'2025-05-08','2025-05-07 17:00:00'),(15,6,6,626765.00,'2025-05-20','2025-05-19 17:00:00'),(16,7,10,195569.00,'2025-05-19','2025-05-18 17:00:00'),(17,7,7,192193.00,'2025-05-09','2025-05-08 17:00:00'),(18,7,14,216556.00,'2025-05-25','2025-05-24 17:00:00'),(19,8,5,161390.00,'2025-05-12','2025-05-11 17:00:00'),(20,8,10,149013.00,'2025-05-26','2025-05-25 17:00:00'),(21,8,12,140827.00,'2025-05-01','2025-04-30 17:00:00'),(22,8,5,144517.00,'2025-05-07','2025-05-06 17:00:00'),(23,9,6,180294.00,'2025-05-15','2025-05-14 17:00:00'),(24,9,5,182912.00,'2025-05-02','2025-05-01 17:00:00'),(25,9,5,183295.00,'2025-05-01','2025-04-30 17:00:00'),(26,9,14,154715.00,'2025-05-01','2025-04-30 17:00:00'),(27,9,12,176936.00,'2025-05-26','2025-05-25 17:00:00'),(28,10,5,181227.00,'2025-05-22','2025-05-21 17:00:00'),(29,10,9,191606.00,'2025-05-08','2025-05-07 17:00:00'),(30,10,4,183471.00,'2025-05-23','2025-05-22 17:00:00'),(31,10,15,192862.00,'2025-05-20','2025-05-19 17:00:00'),(32,10,13,195141.00,'2025-05-18','2025-05-17 17:00:00'),(33,11,9,231837.00,'2025-05-18','2025-05-17 17:00:00'),(34,11,13,269831.00,'2025-05-26','2025-05-25 17:00:00'),(35,12,11,207888.00,'2025-05-02','2025-05-01 17:00:00'),(36,12,10,208579.00,'2025-05-15','2025-05-14 17:00:00'),(37,13,8,184391.00,'2025-05-23','2025-05-22 17:00:00'),(38,13,3,193584.00,'2025-05-05','2025-05-04 17:00:00'),(39,14,11,184888.00,'2025-05-04','2025-05-03 17:00:00'),(40,14,5,192783.00,'2025-05-09','2025-05-08 17:00:00'),(41,14,6,191768.00,'2025-05-16','2025-05-15 17:00:00'),(42,15,6,216815.00,'2025-05-18','2025-05-17 17:00:00'),(43,15,10,206422.00,'2025-05-12','2025-05-11 17:00:00'),(44,15,14,185904.00,'2025-05-13','2025-05-12 17:00:00'),(45,15,8,206844.00,'2025-05-01','2025-04-30 17:00:00'),(46,15,5,209239.00,'2025-05-05','2025-05-04 17:00:00'),(47,16,13,212048.00,'2025-05-04','2025-05-03 17:00:00'),(48,16,9,200116.00,'2025-05-14','2025-05-13 17:00:00'),(49,16,5,188120.00,'2025-05-24','2025-05-23 17:00:00'),(50,16,11,188575.00,'2025-05-20','2025-05-19 17:00:00'),(51,16,9,181324.00,'2025-05-18','2025-05-17 17:00:00'),(52,17,9,183863.00,'2025-05-25','2025-05-24 17:00:00'),(53,17,14,218983.00,'2025-05-06','2025-05-05 17:00:00'),(54,18,10,186570.00,'2025-05-11','2025-05-10 17:00:00'),(55,18,14,210747.00,'2025-05-20','2025-05-19 17:00:00'),(56,18,6,214852.00,'2025-05-11','2025-05-10 17:00:00'),(57,19,4,184068.00,'2025-05-10','2025-05-09 17:00:00'),(58,19,4,182976.00,'2025-05-09','2025-05-08 17:00:00'),(59,20,10,184646.00,'2025-05-02','2025-05-01 17:00:00'),(60,20,7,212461.00,'2025-05-10','2025-05-09 17:00:00'),(61,20,11,193887.00,'2025-05-03','2025-05-02 17:00:00'),(62,20,13,196493.00,'2025-05-01','2025-04-30 17:00:00'),(63,20,15,199492.00,'2025-05-24','2025-05-23 17:00:00'),(64,21,12,163277.00,'2025-05-13','2025-05-12 17:00:00'),(65,21,12,157163.00,'2025-05-11','2025-05-10 17:00:00'),(66,21,6,146938.00,'2025-05-23','2025-05-22 17:00:00'),(67,21,4,135325.00,'2025-05-03','2025-05-02 17:00:00'),(68,22,3,206591.00,'2025-05-11','2025-05-10 17:00:00'),(69,22,8,183265.00,'2025-05-11','2025-05-10 17:00:00'),(70,22,8,210553.00,'2025-05-22','2025-05-21 17:00:00'),(71,23,11,210249.00,'2025-05-22','2025-05-21 17:00:00'),(72,23,14,192895.00,'2025-05-21','2025-05-20 17:00:00'),(73,24,4,192646.00,'2025-05-14','2025-05-13 17:00:00'),(74,24,12,183518.00,'2025-05-22','2025-05-21 17:00:00'),(75,24,13,183793.00,'2025-05-15','2025-05-14 17:00:00'),(76,24,8,206149.00,'2025-05-26','2025-05-25 17:00:00'),(77,24,3,193998.00,'2025-05-26','2025-05-25 17:00:00'),(78,25,6,217528.00,'2025-05-03','2025-05-02 17:00:00'),(79,25,8,193840.00,'2025-05-04','2025-05-03 17:00:00'),(80,25,14,214922.00,'2025-05-15','2025-05-14 17:00:00'),(81,25,6,207197.00,'2025-05-16','2025-05-15 17:00:00'),(82,25,15,181599.00,'2025-05-18','2025-05-17 17:00:00'),(83,26,9,209237.00,'2025-05-01','2025-04-30 17:00:00'),(84,26,10,189518.00,'2025-05-07','2025-05-06 17:00:00'),(85,26,15,194333.00,'2025-05-19','2025-05-18 17:00:00'),(86,26,9,215225.00,'2025-05-20','2025-05-19 17:00:00'),(87,26,10,194197.00,'2025-05-15','2025-05-14 17:00:00'),(88,3,8,812000.00,'2025-01-12','2025-01-11 17:00:00'),(89,5,6,730000.00,'2025-01-25','2025-01-24 17:00:00'),(90,6,10,550000.00,'2025-02-05','2025-02-04 17:00:00'),(91,4,7,755000.00,'2025-02-22','2025-02-21 17:00:00'),(92,8,4,120000.00,'2025-03-15','2025-03-14 17:00:00'),(93,10,12,130000.00,'2025-03-28','2025-03-27 17:00:00'),(94,12,9,140000.00,'2025-04-06','2025-04-05 17:00:00'),(95,17,11,122000.00,'2025-04-21','2025-04-20 17:00:00'),(96,19,10,200000.00,'2025-06-03','2025-06-02 17:00:00'),(97,21,6,150000.00,'2025-06-18','2025-06-17 17:00:00'),(98,22,13,120000.00,'2025-07-09','2025-07-08 17:00:00'),(99,24,7,121000.00,'2025-07-23','2025-07-22 17:00:00'),(100,25,15,100000.00,'2025-08-11','2025-08-10 17:00:00'),(101,26,5,65000.00,'2025-08-29','2025-08-28 17:00:00'),(102,11,20,180000.00,'2025-09-10','2025-09-09 17:00:00'),(103,15,18,160000.00,'2025-09-26','2025-09-25 17:00:00'),(104,14,12,150000.00,'2025-10-08','2025-10-07 17:00:00'),(105,9,9,140000.00,'2025-10-21','2025-10-20 17:00:00'),(106,7,6,160000.00,'2025-11-05','2025-11-04 17:00:00'),(107,16,4,125000.00,'2025-11-20','2025-11-19 17:00:00'),(108,20,8,120000.00,'2025-12-10','2025-12-09 17:00:00'),(109,13,10,130000.00,'2025-12-22','2025-12-21 17:00:00'),(110,6,9,600000.00,'2025-01-07','2025-01-06 17:00:00'),(111,17,12,125000.00,'2025-01-18','2025-01-17 17:00:00'),(112,10,7,130000.00,'2025-02-09','2025-02-08 17:00:00'),(113,13,11,180000.00,'2025-02-27','2025-02-26 17:00:00'),(114,12,10,150000.00,'2025-03-06','2025-03-05 17:00:00'),(115,18,8,210000.00,'2025-03-22','2025-03-21 17:00:00'),(116,20,6,125000.00,'2025-04-04','2025-04-03 17:00:00'),(117,22,14,120000.00,'2025-04-20','2025-04-19 17:00:00'),(118,25,13,100000.00,'2025-06-12','2025-06-11 17:00:00'),(119,23,9,120000.00,'2025-06-27','2025-06-26 17:00:00'),(120,5,7,750000.00,'2025-07-05','2025-07-04 17:00:00'),(121,15,10,160000.00,'2025-07-19','2025-07-18 17:00:00'),(122,3,11,820000.00,'2025-08-08','2025-08-07 17:00:00'),(123,24,5,120000.00,'2025-08-24','2025-08-23 17:00:00'),(124,19,12,200000.00,'2025-09-07','2025-09-06 17:00:00'),(125,9,6,135000.00,'2025-09-30','2025-09-29 17:00:00'),(126,14,10,150000.00,'2025-10-05','2025-10-04 17:00:00'),(127,26,8,65000.00,'2025-10-27','2025-10-26 17:00:00'),(128,4,10,770000.00,'2025-11-15','2025-11-14 17:00:00'),(129,8,4,120000.00,'2025-11-29','2025-11-28 17:00:00'),(130,11,9,185000.00,'2025-12-06','2025-12-05 17:00:00'),(131,21,6,155000.00,'2025-12-21','2025-12-20 17:00:00');
/*!40000 ALTER TABLE `sales` ENABLE KEYS */;
UNLOCK TABLES;

--
-- Table structure for table `suppliers`
--

DROP TABLE IF EXISTS `suppliers`;
/*!40101 SET @saved_cs_client     = @@character_set_client */;
/*!50503 SET character_set_client = utf8mb4 */;
CREATE TABLE `suppliers` (
  `id` int NOT NULL AUTO_INCREMENT,
  `name` varchar(255) NOT NULL,
  `email` varchar(255) NOT NULL,
  `phone` varchar(20) NOT NULL,
  `address` text,
  `description` text,
  `status` tinyint(1) DEFAULT '1',
  `created_at` datetime DEFAULT CURRENT_TIMESTAMP,
  PRIMARY KEY (`id`)
) ENGINE=InnoDB AUTO_INCREMENT=15 DEFAULT CHARSET=utf8mb4 ;
/*!40101 SET character_set_client = @saved_cs_client */;

--
-- Dumping data for table `suppliers`
--

LOCK TABLES `suppliers` WRITE;
/*!40000 ALTER TABLE `suppliers` DISABLE KEYS */;
INSERT INTO `suppliers` VALUES (4,'Feng Ltd','feng@gmail.com','0334839575','Hoàn Kiếm - Hà Nội','',1,'2025-05-19 07:16:42'),(5,'Davies Inc','davies@gmail.cm','0914795915','Thanh Xuân - Hà Nội','',1,'2025-05-19 07:49:11'),(6,'Leninn.Co','leninn@gmail.com','0977158756','Tây Hồ - Hà Nội','',1,'2025-05-19 08:09:54'),(7,'HADES','hades@gmail.com','0987364121','Thủ Đức - TPHCM','',1,'2025-05-19 08:19:32'),(8,'Louis Vuitton','lv@gmail.com','0989756343','Washington DC','',1,'2025-05-19 11:54:05'),(9,'A BATHING APE','bape@gmail.com','0900234234','Paris - France','',1,'2025-05-19 12:10:19'),(10,'CHANEL.ltd','chanel@gmail.com','0987787656','California - USA','',1,'2025-05-19 12:15:58'),(11,'Versace','vsc@gmail.com','0323565444','Roma - Italy','',1,'2025-05-19 12:16:54'),(12,'Nina Ricci','nnrc@gmail.com','0223444222','Moscow - Russia','',1,'2025-05-19 12:27:43'),(13,'Ralph Lauren','rlauren@gmail.com','0900232111','Roma - Italy','',1,'2025-05-19 12:28:18'),(14,'GUCCI','gc@gmail.com','0912121212','Pensylvenia - USA','',1,'2025-05-19 12:29:10');
/*!40000 ALTER TABLE `suppliers` ENABLE KEYS */;
UNLOCK TABLES;

--
-- Table structure for table `users`
--

DROP TABLE IF EXISTS `users`;
/*!40101 SET @saved_cs_client     = @@character_set_client */;
/*!50503 SET character_set_client = utf8mb4 */;
CREATE TABLE `users` (
  `id` int NOT NULL AUTO_INCREMENT,
  `username` varchar(50) NOT NULL,
  `password` varchar(255) NOT NULL,
  PRIMARY KEY (`id`),
  UNIQUE KEY `username` (`username`)
) ENGINE=InnoDB AUTO_INCREMENT=4 DEFAULT CHARSET=utf8mb4 ;
/*!40101 SET character_set_client = @saved_cs_client */;

--
-- Dumping data for table `users`
--

LOCK TABLES `users` WRITE;
/*!40000 ALTER TABLE `users` DISABLE KEYS */;
INSERT INTO `users` VALUES (3,'admin','$2y$10$c3e/e8JKTDHfmQKqH2PU9uAZv09cZU4ajQWQAvsOvdDTwEGSnx2s2');
/*!40000 ALTER TABLE `users` ENABLE KEYS */;
UNLOCK TABLES;
/*!40103 SET TIME_ZONE=@OLD_TIME_ZONE */;

/*!40101 SET SQL_MODE=@OLD_SQL_MODE */;
/*!40014 SET FOREIGN_KEY_CHECKS=@OLD_FOREIGN_KEY_CHECKS */;
/*!40014 SET UNIQUE_CHECKS=@OLD_UNIQUE_CHECKS */;
/*!40101 SET CHARACTER_SET_CLIENT=@OLD_CHARACTER_SET_CLIENT */;
/*!40101 SET CHARACTER_SET_RESULTS=@OLD_CHARACTER_SET_RESULTS */;
/*!40101 SET COLLATION_CONNECTION=@OLD_COLLATION_CONNECTION */;
/*!40111 SET SQL_NOTES=@OLD_SQL_NOTES */;

-- Dump completed on 2025-06-23 11:50:18
